/* Group default */
INSERT INTO `permissions_entity` ( `name`, `type`, `prefix`, `suffix`, `default` ) VALUES ( 'default', 0, '','', 1 );
INSERT INTO `permissions` ( `name`, `type`, `permission`, `world`, `value`) VALUES ('default', 0, 'automessage.receive.default', '', '');
INSERT INTO `permissions` ( `name`, `type`, `permission`, `world`, `value`) VALUES ('default', 0, 'chatex.allowchat', '', '');
INSERT INTO `permissions` ( `name`, `type`, `permission`, `world`, `value`) VALUES ('default', 0, 'chatex.chat.global', '', '');
INSERT INTO `permissions` ( `name`, `type`, `permission`, `world`, `value`) VALUES ('default', 0, 'myhome.user', '', '');
INSERT INTO `permissions` ( `name`, `type`, `permission`, `world`, `value`) VALUES ('default', 0, 'myhome.econ.free.*', '', '');
INSERT INTO `permissions` ( `name`, `type`, `permission`, `world`, `value`) VALUES ('default', 0, 'automessage.receive.default', '', '');
INSERT INTO `permissions` ( `name`, `type`, `permission`, `world`, `value`) VALUES ('default', 0, 'essentials.kit', '', '');
INSERT INTO `permissions` ( `name`, `type`, `permission`, `world`, `value`) VALUES ('default', 0, 'essentials.kits.start', '', '');
INSERT INTO `permissions` ( `name`, `type`, `permission`, `world`, `value`) VALUES ('default', 0, 'essentials.spawn', '', '');
INSERT INTO `permissions` ( `name`, `type`, `permission`, `world`, `value`) VALUES ('default', 0, 'essentials.time', '', '');
INSERT INTO `permissions` ( `name`, `type`, `permission`, `world`, `value`) VALUES ('default', 0, 'essentials.afk', '', '');
INSERT INTO `permissions` ( `name`, `type`, `permission`, `world`, `value`) VALUES ('default', 0, 'essentials.afk.auto', '', '');
INSERT INTO `permissions` ( `name`, `type`, `permission`, `world`, `value`) VALUES ('default', 0, 'essentials.help', '', '');
INSERT INTO `permissions` ( `name`, `type`, `permission`, `world`, `value`) VALUES ('default', 0, 'essentials.info', '', '');
INSERT INTO `permissions` ( `name`, `type`, `permission`, `world`, `value`) VALUES ('default', 0, 'essentials.list', '', '');
INSERT INTO `permissions` ( `name`, `type`, `permission`, `world`, `value`) VALUES ('default', 0, 'essentials.mail', '', '');
INSERT INTO `permissions` ( `name`, `type`, `permission`, `world`, `value`) VALUES ('default', 0, 'essentials.mail.send', '', '');
INSERT INTO `permissions` ( `name`, `type`, `permission`, `world`, `value`) VALUES ('default', 0, 'essentials.me', '', '');
INSERT INTO `permissions` ( `name`, `type`, `permission`, `world`, `value`) VALUES ('default', 0, 'essentials.msg', '', '');
INSERT INTO `permissions` ( `name`, `type`, `permission`, `world`, `value`) VALUES ('default', 0, 'essentials.rules', '', '');
INSERT INTO `permissions` ( `name`, `type`, `permission`, `world`, `value`) VALUES ('default', 0, 'essentials.suicide', '', '');
INSERT INTO `permissions` ( `name`, `type`, `permission`, `world`, `value`) VALUES ('default', 0, 'essentials.home', '', '');
INSERT INTO `permissions` ( `name`, `type`, `permission`, `world`, `value`) VALUES ('default', 0, 'essentials.sethome', '', '');
INSERT INTO `permissions` ( `name`, `type`, `permission`, `world`, `value`) VALUES ('default', 0, 'essentials.delhome', '', '');
INSERT INTO `permissions` ( `name`, `type`, `permission`, `world`, `value`) VALUES ('default', 0, 'essentials.warp', '', '');
INSERT INTO `permissions` ( `name`, `type`, `permission`, `world`, `value`) VALUES ('default', 0, 'essentials.setwarp', '', '');
INSERT INTO `permissions` ( `name`, `type`, `permission`, `world`, `value`) VALUES ('default', 0, 'essentials.warp.list', '', '');
INSERT INTO `permissions` ( `name`, `type`, `permission`, `world`, `value`) VALUES ('default', 0, 'essentials.tpaccept', '', '');
INSERT INTO `permissions` ( `name`, `type`, `permission`, `world`, `value`) VALUES ('default', 0, 'worldedit.selection.pos', '', '');
INSERT INTO `permissions` ( `name`, `type`, `permission`, `world`, `value`) VALUES ('default', 0, 'worldedit.selection.hpos', '', '');
INSERT INTO `permissions` ( `name`, `type`, `permission`, `world`, `value`) VALUES ('default', 0, 'worldedit.selection.expand', '', '');
INSERT INTO `permissions` ( `name`, `type`, `permission`, `world`, `value`) VALUES ('default', 0, 'worldedit.selection.expand', '', '');
INSERT INTO `permissions` ( `name`, `type`, `permission`, `world`, `value`) VALUES ('default', 0, 'worldedit.wand', '', '');
INSERT INTO `permissions` ( `name`, `type`, `permission`, `world`, `value`) VALUES ('default', 0, 'worldguard.region.wand', '', '');
INSERT INTO `permissions` ( `name`, `type`, `permission`, `world`, `value`) VALUES ('default', 0, 'worldguard.region.claim', '', '');
INSERT INTO `permissions` ( `name`, `type`, `permission`, `world`, `value`) VALUES ('default', 0, 'worldguard.region.remove.*', '', '');
INSERT INTO `permissions` ( `name`, `type`, `permission`, `world`, `value`) VALUES ('default', 0, 'worldguard.region.info.own.*', '', '');
INSERT INTO `permissions` ( `name`, `type`, `permission`, `world`, `value`) VALUES ('default', 0, 'worldguard.region.select.own.*', '', '');
INSERT INTO `permissions` ( `name`, `type`, `permission`, `world`, `value`) VALUES ('default', 0, 'worldguard.region.select.member.*', '', '');
INSERT INTO `permissions` ( `name`, `type`, `permission`, `world`, `value`) VALUES ('default', 0, 'worldguard.region.list.own.*', '', '');
INSERT INTO `permissions` ( `name`, `type`, `permission`, `world`, `value`) VALUES ('default', 0, 'worldguard.region.removemember.own.*', '', '');
INSERT INTO `permissions` ( `name`, `type`, `permission`, `world`, `value`) VALUES ('default', 0, 'worldguard.region.addmember.own.*', '', '');
INSERT INTO `permissions` ( `name`, `type`, `permission`, `world`, `value`) VALUES ('default', 0, 'worldguard.region.addowner.own.*', '', '');
INSERT INTO `permissions` ( `name`, `type`, `permission`, `world`, `value`) VALUES ('default', 0, 'worldguard.region.removeowner.own.*', '', '');
INSERT INTO `permissions` ( `name`, `type`, `permission`, `world`, `value`) VALUES ('default', 0, 'worldguard.region.flag.flags.pvp.*', '', '');
INSERT INTO `permissions` ( `name`, `type`, `permission`, `world`, `value`) VALUES ('default', 0, 'worldguard.region.flag.flags.use.*', '', '');
INSERT INTO `permissions` ( `name`, `type`, `permission`, `world`, `value`) VALUES ('default', 0, 'worldguard.region.flag.flags.chest-access.*', '', '');
INSERT INTO `permissions` ( `name`, `type`, `permission`, `world`, `value`) VALUES ('default', 0, 'worldguard.region.flag.flags.pistons.*', '', '');
INSERT INTO `permissions` ( `name`, `type`, `permission`, `world`, `value`) VALUES ('default', 0, 'worldguard.region.flag.flags.lighter.*', '', '');
INSERT INTO `permissions` ( `name`, `type`, `permission`, `world`, `value`) VALUES ('default', 0, 'worldguard.region.flag.flags.enderpearl.*', '', '');
INSERT INTO `permissions` ( `name`, `type`, `permission`, `world`, `value`) VALUES ('default', 0, 'worldguard.region.flag.flags.chest-access.*', '', '');
INSERT INTO `permissions` ( `name`, `type`, `permission`, `world`, `value`) VALUES ('default', 0, 'worldguard.region.flag.regions.own.*', '', '');
INSERT INTO `permissions` ( `name`, `type`, `permission`, `world`, `value`) VALUES ('default', 0, 'worldguard.region.info.*', '', '');
INSERT INTO `permissions` ( `name`, `type`, `permission`, `world`, `value`) VALUES ('default', 0, 'deathmessages.user', '', '');
/* Group Vip */
INSERT INTO `permissions_entity` ( `name`, `type`, `prefix`, `suffix`, `default` ) VALUES ( 'Vip', 0, '&4[&9Vip&4]&2','&7', 0 );
INSERT INTO `permissions_inheritance` ( `child`, `parent`, `type` ) VALUES ( 'Vip', 'default',  0);
INSERT INTO `permissions` ( `name`, `type`, `permission`, `world`, `value`) VALUES ('Vip', 0, 'automessage.receive.default', '', '');
INSERT INTO `permissions` ( `name`, `type`, `permission`, `world`, `value`) VALUES ('Vip', 0, 'chatex.allowchat', '', '');
INSERT INTO `permissions` ( `name`, `type`, `permission`, `world`, `value`) VALUES ('Vip', 0, 'chatex.chat.global', '', '');
INSERT INTO `permissions` ( `name`, `type`, `permission`, `world`, `value`) VALUES ('Vip', 0, 'essentials.feed', '', '');
INSERT INTO `permissions` ( `name`, `type`, `permission`, `world`, `value`) VALUES ('Vip', 0, 'essentials.kits.vip', '', '');
INSERT INTO `permissions` ( `name`, `type`, `permission`, `world`, `value`) VALUES ('Vip', 0, 'essentials.compass', '', '');
INSERT INTO `permissions` ( `name`, `type`, `permission`, `world`, `value`) VALUES ('Vip', 0, 'essentials.depth', '', '');
INSERT INTO `permissions` ( `name`, `type`, `permission`, `world`, `value`) VALUES ('Vip', 0, 'essentials.getpos', '', '');
INSERT INTO `permissions` ( `name`, `type`, `permission`, `world`, `value`) VALUES ('Vip', 0, 'essentials.info', '', '');
INSERT INTO `permissions` ( `name`, `type`, `permission`, `world`, `value`) VALUES ('Vip', 0, 'essentials.msg.color', '', '');
INSERT INTO `permissions` ( `name`, `type`, `permission`, `world`, `value`) VALUES ('Vip', 0, 'essentials.msg.format', '', '');
INSERT INTO `permissions` ( `name`, `type`, `permission`, `world`, `value`) VALUES ('Vip', 0, 'essentials.msg.magic', '', '');
INSERT INTO `permissions` ( `name`, `type`, `permission`, `world`, `value`) VALUES ('Vip', 0, 'essentials.near', '', '');
INSERT INTO `permissions` ( `name`, `type`, `permission`, `world`, `value`) VALUES ('Vip', 0, 'essentials.joinfullserver', '', '');
INSERT INTO `permissions` ( `name`, `type`, `permission`, `world`, `value`) VALUES ('Vip', 0, 'essentials.clearinventory', '', '');
INSERT INTO `permissions` ( `name`, `type`, `permission`, `world`, `value`) VALUES ('Vip', 0, 'essentials.ext', '', '');
INSERT INTO `permissions` ( `name`, `type`, `permission`, `world`, `value`) VALUES ('Vip', 0, 'essentials.back', '', '');
INSERT INTO `permissions` ( `name`, `type`, `permission`, `world`, `value`) VALUES ('Vip', 0, 'essentials.back.ondeath', '', '');
INSERT INTO `permissions` ( `name`, `type`, `permission`, `world`, `value`) VALUES ('Vip', 0, 'essentials.keepxp', '', '');
INSERT INTO `permissions` ( `name`, `type`, `permission`, `world`, `value`) VALUES ('Vip', 0, 'essentials.tpa', '', '');
INSERT INTO `permissions` ( `name`, `type`, `permission`, `world`, `value`) VALUES ('Vip', 0, 'essentials.tppos', '', '');
INSERT INTO `permissions` ( `name`, `type`, `permission`, `world`, `value`) VALUES ('Vip', 0, 'worldguard.region.flag.flags.water-flow.*', '', '');
INSERT INTO `permissions` ( `name`, `type`, `permission`, `world`, `value`) VALUES ('Vip', 0, 'worldguard.region.flag.flags.lava-fire.*', '', '');
INSERT INTO `permissions` ( `name`, `type`, `permission`, `world`, `value`) VALUES ('Vip', 0, 'worldguard.region.flag.flags.lava-flow.*', '', '');
INSERT INTO `permissions` ( `name`, `type`, `permission`, `world`, `value`) VALUES ('Vip', 0, 'worldguard.region.flag.flags.deny-spawn.*', '', '');
INSERT INTO `permissions` ( `name`, `type`, `permission`, `world`, `value`) VALUES ('Vip', 0, 'worldguard.region.flag.flags.invincible.*', '', '');
INSERT INTO `permissions` ( `name`, `type`, `permission`, `world`, `value`) VALUES ('Vip', 0, 'worldguard.region.flag.flags.creeper-explosion.*', '', '');
INSERT INTO `permissions` ( `name`, `type`, `permission`, `world`, `value`) VALUES ('Vip', 0, 'worldguard.region.flag.flags.greeting.*', '', '');
INSERT INTO `permissions` ( `name`, `type`, `permission`, `world`, `value`) VALUES ('Vip', 0, 'worldguard.region.flag.flags.farewell.*', '', '');
/* Group Premium */
INSERT INTO `permissions_entity` ( `name`, `type`, `prefix`, `suffix`, `default` ) VALUES ( 'Premium', 0, '&4[&6Premium&4]&2','&7', 0 );
INSERT INTO `permissions_inheritance` ( `child`, `parent`, `type` ) VALUES ( 'Premium', 'default',  0);
INSERT INTO `permissions_inheritance` ( `child`, `parent`, `type` ) VALUES ( 'Premium', 'Vip',  0);
INSERT INTO `permissions` ( `name`, `type`, `permission`, `world`, `value`) VALUES ('Premium', 0, 'automessage.receive.default', '', '');
INSERT INTO `permissions` ( `name`, `type`, `permission`, `world`, `value`) VALUES ('Premium', 0, 'chatex.allowchat', '', '');
INSERT INTO `permissions` ( `name`, `type`, `permission`, `world`, `value`) VALUES ('Premium', 0, 'chatex.chat.global', '', '');
INSERT INTO `permissions` ( `name`, `type`, `permission`, `world`, `value`) VALUES ('Premium', 0, 'essentials.feed', '', '');
INSERT INTO `permissions` ( `name`, `type`, `permission`, `world`, `value`) VALUES ('Premium', 0, 'essentials.kits.premium', '', '');
INSERT INTO `permissions` ( `name`, `type`, `permission`, `world`, `value`) VALUES ('Premium', 0, 'essentials.heal', '', '');
INSERT INTO `permissions` ( `name`, `type`, `permission`, `world`, `value`) VALUES ('Premium', 0, 'essentials.afk.kickexempt', '', '');
INSERT INTO `permissions` ( `name`, `type`, `permission`, `world`, `value`) VALUES ('Premium', 0, 'essentials.ignore', '', '');
INSERT INTO `permissions` ( `name`, `type`, `permission`, `world`, `value`) VALUES ('Premium', 0, 'essentials.tphere', '', '');
INSERT INTO `permissions` ( `name`, `type`, `permission`, `world`, `value`) VALUES ('Premium', 0, 'essentials.teleport.cooldown.bypass', '', '');
/* Group moder3 */
INSERT INTO `permissions_entity` ( `name`, `type`, `prefix`, `suffix`, `default` ) VALUES ( 'moder3', 0, '&4(&6&o&nModeratorIII&4)&7','&7', 0 );
INSERT INTO `permissions_inheritance` ( `child`, `parent`, `type` ) VALUES ( 'moder3', 'default',  0);
INSERT INTO `permissions_inheritance` ( `child`, `parent`, `type` ) VALUES ( 'moder3', 'Vip',  0);
INSERT INTO `permissions` ( `name`, `type`, `permission`, `world`, `value`) VALUES ('moder3', 0, 'automessage.receive.default', '', '');
INSERT INTO `permissions` ( `name`, `type`, `permission`, `world`, `value`) VALUES ('moder3', 0, 'chatex.allowchat', '', '');
INSERT INTO `permissions` ( `name`, `type`, `permission`, `world`, `value`) VALUES ('moder3', 0, 'chatex.chat.global', '', '');
INSERT INTO `permissions` ( `name`, `type`, `permission`, `world`, `value`) VALUES ('moder3', 0, 'essentials.fly', '', '');
INSERT INTO `permissions` ( `name`, `type`, `permission`, `world`, `value`) VALUES ('moder3', 0, 'essentials.afk', '', '');
INSERT INTO `permissions` ( `name`, `type`, `permission`, `world`, `value`) VALUES ('moder3', 0, 'essentials.afk.auto', '', '');
INSERT INTO `permissions` ( `name`, `type`, `permission`, `world`, `value`) VALUES ('moder3', 0, 'essentials.afk.kickexempt', '', '');
INSERT INTO `permissions` ( `name`, `type`, `permission`, `world`, `value`) VALUES ('moder3', 0, 'essentials.ignore', '', '');
INSERT INTO `permissions` ( `name`, `type`, `permission`, `world`, `value`) VALUES ('moder3', 0, 'essentials.chat.ignoreexempt', '', '');
INSERT INTO `permissions` ( `name`, `type`, `permission`, `world`, `value`) VALUES ('moder3', 0, 'essentials.seen', '', '');
INSERT INTO `permissions` ( `name`, `type`, `permission`, `world`, `value`) VALUES ('moder3', 0, 'essentials.seen.banreason', '', '');
INSERT INTO `permissions` ( `name`, `type`, `permission`, `world`, `value`) VALUES ('moder3', 0, 'essentials.seen.extra', '', '');
INSERT INTO `permissions` ( `name`, `type`, `permission`, `world`, `value`) VALUES ('moder3', 0, 'essentials.seen.ipsearch', '', '');
INSERT INTO `permissions` ( `name`, `type`, `permission`, `world`, `value`) VALUES ('moder3', 0, 'essentials.geoip.show', '', '');
INSERT INTO `permissions` ( `name`, `type`, `permission`, `world`, `value`) VALUES ('moder3', 0, 'essentials.ban', '', '');
INSERT INTO `permissions` ( `name`, `type`, `permission`, `world`, `value`) VALUES ('moder3', 0, 'essentials.ban.offline', '', '');
INSERT INTO `permissions` ( `name`, `type`, `permission`, `world`, `value`) VALUES ('moder3', 0, 'essentials.banip', '', '');
INSERT INTO `permissions` ( `name`, `type`, `permission`, `world`, `value`) VALUES ('moder3', 0, 'essentials.ban.notify', '', '');
INSERT INTO `permissions` ( `name`, `type`, `permission`, `world`, `value`) VALUES ('moder3', 0, 'essentials.burn', '', '');
INSERT INTO `permissions` ( `name`, `type`, `permission`, `world`, `value`) VALUES ('moder3', 0, 'essentials.kill', '', '');
INSERT INTO `permissions` ( `name`, `type`, `permission`, `world`, `value`) VALUES ('moder3', 0, 'essentials.mute', '', '');
INSERT INTO `permissions` ( `name`, `type`, `permission`, `world`, `value`) VALUES ('moder3', 0, 'essentials.kick', '', '');
INSERT INTO `permissions` ( `name`, `type`, `permission`, `world`, `value`) VALUES ('moder3', 0, 'essentials.socialspy', '', '');
INSERT INTO `permissions` ( `name`, `type`, `permission`, `world`, `value`) VALUES ('moder3', 0, 'essentials.tempban', '', '');
INSERT INTO `permissions` ( `name`, `type`, `permission`, `world`, `value`) VALUES ('moder3', 0, 'essentials.tempban.offline', '', '');
INSERT INTO `permissions` ( `name`, `type`, `permission`, `world`, `value`) VALUES ('moder3', 0, 'essentials.unban', '', '');
INSERT INTO `permissions` ( `name`, `type`, `permission`, `world`, `value`) VALUES ('moder3', 0, 'essentials.unbanip', '', '');
INSERT INTO `permissions` ( `name`, `type`, `permission`, `world`, `value`) VALUES ('moder3', 0, 'essentials.vanish', '', '');
INSERT INTO `permissions` ( `name`, `type`, `permission`, `world`, `value`) VALUES ('moder3', 0, 'essentials.tp', '', '');
INSERT INTO `permissions` ( `name`, `type`, `permission`, `world`, `value`) VALUES ('moder3', 0, 'essentials.tphere', '', '');
INSERT INTO `permissions` ( `name`, `type`, `permission`, `world`, `value`) VALUES ('moder3', 0, 'essentials.chat.ignoreexempt', '', '');
INSERT INTO `permissions` ( `name`, `type`, `permission`, `world`, `value`) VALUES ('moder3', 0, 'essentials.geoip.show', '', '');
INSERT INTO `permissions` ( `name`, `type`, `permission`, `world`, `value`) VALUES ('moder3', 0, 'essentials.whois', '', '');
/* Group moder2 */
INSERT INTO `permissions_entity` ( `name`, `type`, `prefix`, `suffix`, `default` ) VALUES ( 'moder2', 0, '&4(&6&o&nModeratorII&4)&7','&7', 0 );
INSERT INTO `permissions_inheritance` ( `child`, `parent`, `type` ) VALUES ( 'moder2', 'default',  0);
INSERT INTO `permissions_inheritance` ( `child`, `parent`, `type` ) VALUES ( 'moder2', 'Vip',  0);
INSERT INTO `permissions_inheritance` ( `child`, `parent`, `type` ) VALUES ( 'moder2', 'Premium',  0);
INSERT INTO `permissions_inheritance` ( `child`, `parent`, `type` ) VALUES ( 'moder2', 'moder3',  0);
INSERT INTO `permissions` ( `name`, `type`, `permission`, `world`, `value`) VALUES ('moder2', 0, 'automessage.receive.default', '', '');
INSERT INTO `permissions` ( `name`, `type`, `permission`, `world`, `value`) VALUES ('moder2', 0, 'chatex.allowchat', '', '');
INSERT INTO `permissions` ( `name`, `type`, `permission`, `world`, `value`) VALUES ('moder2', 0, 'chatex.chat.global', '', '');
INSERT INTO `permissions` ( `name`, `type`, `permission`, `world`, `value`) VALUES ('moder2', 0, 'essentials.kit', '', '');
INSERT INTO `permissions` ( `name`, `type`, `permission`, `world`, `value`) VALUES ('moder2', 0, 'essentials.kits.start', '', '');
INSERT INTO `permissions` ( `name`, `type`, `permission`, `world`, `value`) VALUES ('moder2', 0, 'essentials.kits.vip', '', '');
INSERT INTO `permissions` ( `name`, `type`, `permission`, `world`, `value`) VALUES ('moder2', 0, 'essentials.kits.premium', '', '');
INSERT INTO `permissions` ( `name`, `type`, `permission`, `world`, `value`) VALUES ('moder2', 0, 'essentials.list.hidden', '', '');
INSERT INTO `permissions` ( `name`, `type`, `permission`, `world`, `value`) VALUES ('moder2', 0, 'essentials.ban.exempt', '', '');
INSERT INTO `permissions` ( `name`, `type`, `permission`, `world`, `value`) VALUES ('moder2', 0, 'essentials.invsee', '', '');
INSERT INTO `permissions` ( `name`, `type`, `permission`, `world`, `value`) VALUES ('moder2', 0, 'essentials.enderchest', '', '');
INSERT INTO `permissions` ( `name`, `type`, `permission`, `world`, `value`) VALUES ('moder2', 0, 'worldedit.selection.pos', '', '');
INSERT INTO `permissions` ( `name`, `type`, `permission`, `world`, `value`) VALUES ('moder2', 0, 'worldedit.selection.hpos', '', '');
INSERT INTO `permissions` ( `name`, `type`, `permission`, `world`, `value`) VALUES ('moder2', 0, 'worldedit.selection.expand', '', '');
INSERT INTO `permissions` ( `name`, `type`, `permission`, `world`, `value`) VALUES ('moder2', 0, 'worldedit.selection.expand', '', '');
INSERT INTO `permissions` ( `name`, `type`, `permission`, `world`, `value`) VALUES ('moder2', 0, 'worldedit.wand', '', '');
INSERT INTO `permissions` ( `name`, `type`, `permission`, `world`, `value`) VALUES ('moder2', 0, 'worldguard.region.wand', '', '');
INSERT INTO `permissions` ( `name`, `type`, `permission`, `world`, `value`) VALUES ('moder2', 0, 'worldguard.region.claim', '', '');
INSERT INTO `permissions` ( `name`, `type`, `permission`, `world`, `value`) VALUES ('moder2', 0, 'worldguard.region.remove.*', '', '');
INSERT INTO `permissions` ( `name`, `type`, `permission`, `world`, `value`) VALUES ('moder2', 0, 'worldguard.region.info.own.*', '', '');
INSERT INTO `permissions` ( `name`, `type`, `permission`, `world`, `value`) VALUES ('moder2', 0, 'worldguard.region.select.own.*', '', '');
INSERT INTO `permissions` ( `name`, `type`, `permission`, `world`, `value`) VALUES ('moder2', 0, 'worldguard.region.select.member.*', '', '');
INSERT INTO `permissions` ( `name`, `type`, `permission`, `world`, `value`) VALUES ('moder2', 0, 'worldguard.region.list.own.*', '', '');
INSERT INTO `permissions` ( `name`, `type`, `permission`, `world`, `value`) VALUES ('moder2', 0, 'worldguard.region.removemember.own.*', '', '');
INSERT INTO `permissions` ( `name`, `type`, `permission`, `world`, `value`) VALUES ('moder2', 0, 'worldguard.region.addmember.own.*', '', '');
INSERT INTO `permissions` ( `name`, `type`, `permission`, `world`, `value`) VALUES ('moder2', 0, 'worldguard.region.addowner.own.*', '', '');
INSERT INTO `permissions` ( `name`, `type`, `permission`, `world`, `value`) VALUES ('moder2', 0, 'worldguard.region.removeowner.own.*', '', '');
INSERT INTO `permissions` ( `name`, `type`, `permission`, `world`, `value`) VALUES ('moder2', 0, 'worldguard.region.flag.flags.pvp.*', '', '');
INSERT INTO `permissions` ( `name`, `type`, `permission`, `world`, `value`) VALUES ('moder2', 0, 'worldguard.region.flag.flags.use.*', '', '');
INSERT INTO `permissions` ( `name`, `type`, `permission`, `world`, `value`) VALUES ('moder2', 0, 'worldguard.region.flag.flags.chest-access.*', '', '');
INSERT INTO `permissions` ( `name`, `type`, `permission`, `world`, `value`) VALUES ('moder2', 0, 'worldguard.region.flag.flags.enderpearl.*', '', '');
INSERT INTO `permissions` ( `name`, `type`, `permission`, `world`, `value`) VALUES ('moder2', 0, 'worldguard.region.flag.flags.chest-access.*', '', '');
INSERT INTO `permissions` ( `name`, `type`, `permission`, `world`, `value`) VALUES ('moder2', 0, 'worldguard.region.info.*', '', '');
INSERT INTO `permissions` ( `name`, `type`, `permission`, `world`, `value`) VALUES ('moder2', 0, 'worldguard.region.flag.flags.water-flow.*', '', '');
INSERT INTO `permissions` ( `name`, `type`, `permission`, `world`, `value`) VALUES ('moder2', 0, 'worldguard.region.flag.flags.lava-fire.*', '', '');
INSERT INTO `permissions` ( `name`, `type`, `permission`, `world`, `value`) VALUES ('moder2', 0, 'worldguard.region.flag.flags.lava-flow.*', '', '');
INSERT INTO `permissions` ( `name`, `type`, `permission`, `world`, `value`) VALUES ('moder2', 0, 'worldguard.region.flag.flags.deny-spawn.*', '', '');
INSERT INTO `permissions` ( `name`, `type`, `permission`, `world`, `value`) VALUES ('moder2', 0, 'worldguard.region.flag.flags.invincible.*', '', '');
INSERT INTO `permissions` ( `name`, `type`, `permission`, `world`, `value`) VALUES ('moder2', 0, 'worldguard.region.flag.flags.creeper-explosion.*', '', '');
/* Group moder1 */
INSERT INTO `permissions_entity` ( `name`, `type`, `prefix`, `suffix`, `default` ) VALUES ( 'moder1', 0, '&4(&6&o&nModeratorI&4)&7','&7', 0 );
INSERT INTO `permissions_inheritance` ( `child`, `parent`, `type` ) VALUES ( 'moder1', 'default',  0);
INSERT INTO `permissions_inheritance` ( `child`, `parent`, `type` ) VALUES ( 'moder1', 'Vip',  0);
INSERT INTO `permissions_inheritance` ( `child`, `parent`, `type` ) VALUES ( 'moder1', 'Premium',  0);
INSERT INTO `permissions_inheritance` ( `child`, `parent`, `type` ) VALUES ( 'moder1', 'moder3',  0);
INSERT INTO `permissions_inheritance` ( `child`, `parent`, `type` ) VALUES ( 'moder1', 'moder2',  0);
INSERT INTO `permissions` ( `name`, `type`, `permission`, `world`, `value`) VALUES ('moder1', 0, 'automessage.receive.default', '', '');
INSERT INTO `permissions` ( `name`, `type`, `permission`, `world`, `value`) VALUES ('moder1', 0, 'chatex.allowchat', '', '');
INSERT INTO `permissions` ( `name`, `type`, `permission`, `world`, `value`) VALUES ('moder1', 0, 'chatex.chat.global', '', '');
INSERT INTO `permissions` ( `name`, `type`, `permission`, `world`, `value`) VALUES ('moder1', 0, 'essentials.chat.ignoreexempt', '', '');
INSERT INTO `permissions` ( `name`, `type`, `permission`, `world`, `value`) VALUES ('moder1', 0, 'essentials.clearinventory.others', '', '');
INSERT INTO `permissions` ( `name`, `type`, `permission`, `world`, `value`) VALUES ('moder1', 0, 'essentials.enderchest.modify', '', '');
INSERT INTO `permissions` ( `name`, `type`, `permission`, `world`, `value`) VALUES ('moder1', 0, 'essentials.invsee.modify', '', '');
/* Group glmoder */
INSERT INTO `permissions_entity` ( `name`, `type`, `prefix`, `suffix`, `default` ) VALUES ( 'glmoder', 0, '&4(&6&o&Gl.Moderator&4)&7','&7', 0 );
INSERT INTO `permissions` ( `name`, `type`, `permission`, `world`, `value`) VALUES ('glmoder', 0, 'automessage.receive.default', '', '');
INSERT INTO `permissions` ( `name`, `type`, `permission`, `world`, `value`) VALUES ('glmoder', 0, 'chatex.allowchat', '', '');
INSERT INTO `permissions` ( `name`, `type`, `permission`, `world`, `value`) VALUES ('glmoder', 0, 'chatex.chat.global', '', '');
INSERT INTO `permissions` ( `name`, `type`, `permission`, `world`, `value`) VALUES ('glmoder', 0, '-essentials.gamemode.others', '', '');
INSERT INTO `permissions` ( `name`, `type`, `permission`, `world`, `value`) VALUES ('glmoder', 0, 'worldedit.selection.pos', '', '');
INSERT INTO `permissions` ( `name`, `type`, `permission`, `world`, `value`) VALUES ('glmoder', 0, 'worldedit.selection.hpos', '', '');
INSERT INTO `permissions` ( `name`, `type`, `permission`, `world`, `value`) VALUES ('glmoder', 0, 'worldedit.wand.toggle', '', '');
INSERT INTO `permissions` ( `name`, `type`, `permission`, `world`, `value`) VALUES ('glmoder', 0, 'worldedit.wand', '', '');
INSERT INTO `permissions` ( `name`, `type`, `permission`, `world`, `value`) VALUES ('glmoder', 0, 'worldedit.selection.expand', '', '');
INSERT INTO `permissions` ( `name`, `type`, `permission`, `world`, `value`) VALUES ('glmoder', 0, 'worldguard.region.info', '', '');
INSERT INTO `permissions` ( `name`, `type`, `permission`, `world`, `value`) VALUES ('glmoder', 0, 'worldguard.region.list', '', '');
INSERT INTO `permissions` ( `name`, `type`, `permission`, `world`, `value`) VALUES ('glmoder', 0, 'essentials.kick.exempt', '', '');
INSERT INTO `permissions` ( `name`, `type`, `permission`, `world`, `value`) VALUES ('glmoder', 0, 'essentials.eco', '', '');
INSERT INTO `permissions` ( `name`, `type`, `permission`, `world`, `value`) VALUES ('glmoder', 0, 'worldborder.*', '', '');
INSERT INTO `permissions` ( `name`, `type`, `permission`, `world`, `value`) VALUES ('glmoder', 0, 'worldguard.*', '', '');
INSERT INTO `permissions` ( `name`, `type`, `permission`, `world`, `value`) VALUES ('glmoder', 0, 'worldedit.region.set', '', '');
INSERT INTO `permissions` ( `name`, `type`, `permission`, `world`, `value`) VALUES ('glmoder', 0, 'worldedit.region.replace', '', '');
INSERT INTO `permissions` ( `name`, `type`, `permission`, `world`, `value`) VALUES ('glmoder', 0, 'worldedit.region.walls', '', '');
INSERT INTO `permissions` ( `name`, `type`, `permission`, `world`, `value`) VALUES ('glmoder', 0, 'worldedit.history.undo', '', '');
INSERT INTO `permissions` ( `name`, `type`, `permission`, `world`, `value`) VALUES ('glmoder', 0, 'worldedit.generation.pyramid', '', '');
INSERT INTO `permissions` ( `name`, `type`, `permission`, `world`, `value`) VALUES ('glmoder', 0, 'worldedit.generation.sphere', '', '');
INSERT INTO `permissions` ( `name`, `type`, `permission`, `world`, `value`) VALUES ('glmoder', 0, 'worldedit.generation.cylinder', '', '');
INSERT INTO `permissions` ( `name`, `type`, `permission`, `world`, `value`) VALUES ('glmoder', 0, 'worldedit.generation.shape', '', '');
INSERT INTO `permissions` ( `name`, `type`, `permission`, `world`, `value`) VALUES ('glmoder', 0, 'worldedit.generation.forest', '', '');
INSERT INTO `permissions` ( `name`, `type`, `permission`, `world`, `value`) VALUES ('glmoder', 0, 'worldedit.extinguish', '', '');
INSERT INTO `permissions` ( `name`, `type`, `permission`, `world`, `value`) VALUES ('glmoder', 0, 'worldedit.clipboard.copy', '', '');
INSERT INTO `permissions` ( `name`, `type`, `permission`, `world`, `value`) VALUES ('glmoder', 0, 'worldedit.clipboard.paste', '', '');
INSERT INTO `permissions` ( `name`, `type`, `permission`, `world`, `value`) VALUES ('glmoder', 0, 'worldedit.clipboard.cut', '', '');
INSERT INTO `permissions` ( `name`, `type`, `permission`, `world`, `value`) VALUES ('glmoder', 0, 'worldedit.schematic.list', '', '');
INSERT INTO `permissions` ( `name`, `type`, `permission`, `world`, `value`) VALUES ('glmoder', 0, 'worldedit.schematic.formats', '', '');
INSERT INTO `permissions` ( `name`, `type`, `permission`, `world`, `value`) VALUES ('glmoder', 0, 'worldedit.schematic.load', '', '');
INSERT INTO `permissions` ( `name`, `type`, `permission`, `world`, `value`) VALUES ('glmoder', 0, 'worldedit.schematic.save', '', '');
INSERT INTO `permissions` ( `name`, `type`, `permission`, `world`, `value`) VALUES ('glmoder', 0, 'worldedit.clipboard.load', '', '');
INSERT INTO `permissions` ( `name`, `type`, `permission`, `world`, `value`) VALUES ('glmoder', 0, 'worldedit.clipboard.save', '', '');
INSERT INTO `permissions` ( `name`, `type`, `permission`, `world`, `value`) VALUES ('glmoder', 0, 'LimitedWorldEdit.bypass', '', '');
INSERT INTO `permissions` ( `name`, `type`, `permission`, `world`, `value`) VALUES ('glmoder', 0, 'essentials.spawnmob.endercrystal', '', '');
INSERT INTO `permissions` ( `name`, `type`, `permission`, `world`, `value`) VALUES ('glmoder', 0, 'essentials.togglejail', '', '');
INSERT INTO `permissions` ( `name`, `type`, `permission`, `world`, `value`) VALUES ('glmoder', 0, 'essentials.jail.exempt', '', '');
INSERT INTO `permissions` ( `name`, `type`, `permission`, `world`, `value`) VALUES ('glmoder', 0, 'essentials.togglejail.offline', '', '');
INSERT INTO `permissions` ( `name`, `type`, `permission`, `world`, `value`) VALUES ('glmoder', 0, 'essentials.jail.allow.<command>', '', '');
INSERT INTO `permissions` ( `name`, `type`, `permission`, `world`, `value`) VALUES ('glmoder', 0, 'essentials.kickall', '', '');
/* Group gl */
INSERT INTO `permissions_entity` ( `name`, `type`, `prefix`, `suffix`, `default` ) VALUES ( 'gl', 0, '&a[&6Admin&a] &4? &e','&e', 0 );
INSERT INTO `permissions` ( `name`, `type`, `permission`, `world`, `value`) VALUES ('gl', 0, 'essentials.*', '', '');
INSERT INTO `permissions` ( `name`, `type`, `permission`, `world`, `value`) VALUES ('gl', 0, 'worldedit.*', '', '');
INSERT INTO `permissions` ( `name`, `type`, `permission`, `world`, `value`) VALUES ('gl', 0, 'automessage.*', '', '');
INSERT INTO `permissions` ( `name`, `type`, `permission`, `world`, `value`) VALUES ('gl', 0, 'chatex.*', '', '');
INSERT INTO `permissions` ( `name`, `type`, `permission`, `world`, `value`) VALUES ('gl', 0, 'LimitedWorldEdit.bypass', '', '');
/* World Inheritance */